,open,high,low,close,adj_close,volume,log_return,industrial_production,__age_days_industrial_production,vix_index,__age_days_vix_index,inflation,__age_days_inflation,fed_funds_rate,__age_days_fed_funds_rate,energy_index,__age_days_energy_index,unemployment_rate,__age_days_unemployment_rate,us10y_treasury_yield,__age_days_us10y_treasury_yield,consumer_sentiment,__age_days_consumer_sentiment,gdp_growth,__age_days_gdp_growth,inflation_wb,__age_days_inflation_wb,trade_openness,__age_days_trade_openness,unemployment_wb,__age_days_unemployment_wb,energy_usage,__age_days_energy_usage
open,1.0,0.7662589033119177,0.7841994989470509,0.527254220275134,0.527254220275134,0.26626129106838514,0.5272542202751337,0.2616510429470074,0.31029650395548924,0.2917689151675683,0.31029650395548924,0.2708995154478857,0.30094776631354914,0.2827315666865929,0.30094776631354914,0.2808809605021688,0.31029650395548924,0.332780346504575,0.30094776631354914,0.28044055244911625,0.30094776631354914,0.2958112013410121,0.30094776631354914,0.2971859450167973,0.3166989463593506,0.30790388039433897,0.3166989463593506,0.2974290770812547,0.3326721511604486,0.30264938295621086,0.3166989463593506,0.29180432574282456,0.3326721511604486
high,0.7662589033119177,1.0,0.7880129925589137,0.768830899131637,0.768830899131637,0.3802418168274461,0.7688308991316365,0.25468386412218463,0.2995908802572431,0.29299348212114595,0.2995908802572431,0.266936753198319,0.2996708556286385,0.27809224073289884,0.2996708556286385,0.2755914827019903,0.2995908802572431,0.34146044092487493,0.2996708556286385,0.28065589327408863,0.2996708556286385,0.29708044659893784,0.2996708556286385,0.29507308485921396,0.3188693827960122,0.30806745624812265,0.3188693827960122,0.2969376198636454,0.3192153571772342,0.30512884477417157,0.3188693827960122,0.29175437442973906,0.3192153571772342
low,0.7841994989470509,0.7880129925589137,1.0,0.7585564135622804,0.7585564135622804,0.14364079976729524,0.7585564135622799,0.25904189801580163,0.3144752387689433,0.29241414597268195,0.3144752387689433,0.26880903443719106,0.3066245912459651,0.28233136080699245,0.3066245912459651,0.28178164390916827,0.3144752387689433,0.33547441936265404,0.3066245912459651,0.27835665724260433,0.3066245912459651,0.2974587783617656,0.3066245912459651,0.2942088474717825,0.3313550799642982,0.30800475732234806,0.3313550799642982,0.2984563871809702,0.32748418349221803,0.30724793987564525,0.3313550799642982,0.2881117084845009,0.32748418349221803
close,0.527254220275134,0.768830899131637,0.7585564135622804,1.0,0.9475,0.25703371297251204,0.9475000000000006,0.2592596333161338,0.29932288375209526,0.29105215734326406,0.29932288375209526,0.27272303743908605,0.29995736212467944,0.28219219425942105,0.29995736212467944,0.2837229492559521,0.29932288375209526,0.33579717551746396,0.29995736212467944,0.28340744340341284,0.29995736212467944,0.2988902432349,0.29995736212467944,0.2953779238613846,0.32231168009957945,0.3057384950784266,0.32231168009957945,0.2974488927561218,0.30854693218533136,0.30333151287732485,0.32231168009957945,0.28825126586631894,0.30854693218533136
adj_close,0.527254220275134,0.768830899131637,0.7585564135622804,0.9475,1.0,0.25703371297251204,0.9475000000000006,0.2592596333161338,0.29932288375209526,0.29105215734326406,0.29932288375209526,0.27272303743908605,0.29995736212467944,0.28219219425942105,0.29995736212467944,0.2837229492559521,0.29932288375209526,0.33579717551746396,0.29995736212467944,0.28340744340341284,0.29995736212467944,0.2988902432349,0.29995736212467944,0.2953779238613846,0.32231168009957945,0.3057384950784266,0.32231168009957945,0.2974488927561218,0.30854693218533136,0.30333151287732485,0.32231168009957945,0.28825126586631894,0.30854693218533136
volume,0.26626129106838514,0.3802418168274461,0.14364079976729524,0.25703371297251204,0.25703371297251204,1.0,0.2570337129725125,0.2957960786592886,0.30870697700417576,0.29651291934578317,0.30870697700417576,0.29904553083892865,0.31071312117361183,0.29631712307303854,0.31071312117361183,0.29430382822568574,0.30870697700417576,0.29969772281778284,0.31071312117361183,0.3040810674142647,0.31071312117361183,0.2955212173150203,0.31071312117361183,0.2961394697879492,0.28146881461934015,0.29427091435050473,0.28146881461934015,0.29640428681010744,0.2954815430522937,0.29728674249058584,0.28146881461934015,0.2976820021200344,0.2954815430522937
log_return,0.5272542202751337,0.7688308991316365,0.7585564135622799,0.9475000000000006,0.9475000000000006,0.2570337129725125,1.0,0.25925963331613383,0.2993228837520953,0.2910521573432642,0.2993228837520953,0.27272303743908616,0.2999573621246794,0.28219219425942094,0.2999573621246794,0.28372294925595215,0.2993228837520953,0.33579717551746385,0.2999573621246794,0.2834074434034128,0.2999573621246794,0.29889024323490004,0.2999573621246794,0.29537792386138456,0.3223116800995796,0.3057384950784266,0.3223116800995796,0.2974488927561219,0.3085469321853315,0.30333151287732485,0.3223116800995796,0.2882512658663189,0.3085469321853315
industrial_production,0.2616510429470074,0.25468386412218463,0.25904189801580163,0.2592596333161338,0.2592596333161338,0.2957960786592886,0.25925963331613383,1.0,0.28863840914750016,0.3075709244491033,0.28863840914750016,0.5388083890573523,0.2971475338153773,0.553703490838636,0.2971475338153773,0.4254684695592668,0.28863840914750016,-0.24565344809075584,0.2971475338153773,0.3259095992011358,0.2971475338153773,0.45580659987044403,0.2971475338153773,0.41436236423064204,0.28898211241253646,0.39383653738591173,0.28898211241253646,0.41538279844870973,0.29520307276986646,0.157119566215705,0.28898211241253646,0.44085690929547405,0.29520307276986646
__age_days_industrial_production,0.31029650395548924,0.2995908802572431,0.3144752387689433,0.29932288375209526,0.29932288375209526,0.30870697700417576,0.2993228837520953,0.28863840914750016,1.0,0.2933769327202593,0.9475,0.3032452705063212,0.6492506585979996,0.300722016405039,0.6492506585979996,0.30875312677101446,0.9475,0.30453663278379256,0.6492506585979996,0.3011936382639635,0.6492506585979996,0.295890219567025,0.6492506585979996,0.3063570422053376,0.3649494963115588,0.30286123422675315,0.3649494963115588,0.2976317235296508,0.42344084402116927,0.2879696007663147,0.3649494963115588,0.30264738127167246,0.42344084402116927
vix_index,0.2917689151675683,0.29299348212114595,0.29241414597268195,0.29105215734326406,0.29105215734326406,0.29651291934578317,0.2910521573432642,0.3075709244491033,0.2933769327202593,1.0,0.2933769327202593,0.2779494796370464,0.2973504426649171,0.20117270540818932,0.2973504426649171,0.1705918860450583,0.2933769327202593,0.21227659653792907,0.2973504426649171,0.2683664070125898,0.2973504426649171,0.2378938952172872,0.2973504426649171,0.25807236323896865,0.29914253939237967,0.2702720359102736,0.29914253939237967,0.2747023063788563,0.30010380124913716,0.3447516258036724,0.29914253939237967,0.25007021987662337,0.30010380124913716
__age_days_vix_index,0.31029650395548924,0.2995908802572431,0.3144752387689433,0.29932288375209526,0.29932288375209526,0.30870697700417576,0.2993228837520953,0.28863840914750016,0.9475,0.2933769327202593,1.0,0.3032452705063212,0.6492506585979996,0.300722016405039,0.6492506585979996,0.30875312677101446,0.9475,0.30453663278379256,0.6492506585979996,0.3011936382639635,0.6492506585979996,0.295890219567025,0.6492506585979996,0.3063570422053376,0.3649494963115588,0.30286123422675315,0.3649494963115588,0.2976317235296508,0.42344084402116927,0.2879696007663147,0.3649494963115588,0.30264738127167246,0.42344084402116927
inflation,0.2708995154478857,0.266936753198319,0.26880903443719106,0.27272303743908605,0.27272303743908605,0.29904553083892865,0.27272303743908616,0.5388083890573523,0.3032452705063212,0.2779494796370464,0.3032452705063212,1.0,0.2964535331804458,0.45786329314207064,0.2964535331804458,0.6253115280048421,0.3032452705063212,0.09066217628808759,0.2964535331804458,0.5217700300379414,0.2964535331804458,0.31935777649866326,0.2964535331804458,0.49247775136284544,0.29560052950441607,0.48813964564417534,0.29560052950441607,0.5048752954666841,0.28413496831648116,0.07316519192478343,0.29560052950441607,0.5421650792372966,0.28413496831648116
__age_days_inflation,0.30094776631354914,0.2996708556286385,0.3066245912459651,0.29995736212467944,0.29995736212467944,0.31071312117361183,0.2999573621246794,0.2971475338153773,0.6492506585979996,0.2973504426649171,0.6492506585979996,0.2964535331804458,1.0,0.29799084488314165,0.9475,0.2962234431598186,0.6492506585979996,0.29736672535487885,0.9475,0.29730533100090756,0.9475,0.29780247054974973,0.9475,0.29662829192793627,0.42412409263268136,0.2956844909927782,0.42412409263268136,0.2982053808062825,0.38205244979015296,0.3022666760703895,0.42412409263268136,0.2950447769707339,0.38205244979015296
fed_funds_rate,0.2827315666865929,0.27809224073289884,0.28233136080699245,0.28219219425942105,0.28219219425942105,0.29631712307303854,0.28219219425942094,0.553703490838636,0.300722016405039,0.20117270540818932,0.300722016405039,0.45786329314207064,0.29799084488314165,1.0,0.29799084488314165,0.3718684039218648,0.300722016405039,0.04546122386646756,0.29799084488314165,0.3856786674729651,0.29799084488314165,0.4211858836498361,0.29799084488314165,0.34026588496826843,0.3090806598455159,0.30422698973211637,0.3090806598455159,0.27388350245703225,0.2761753298154582,-0.014858915112630267,0.3090806598455159,0.44066430070608986,0.2761753298154582
__age_days_fed_funds_rate,0.30094776631354914,0.2996708556286385,0.3066245912459651,0.29995736212467944,0.29995736212467944,0.31071312117361183,0.2999573621246794,0.2971475338153773,0.6492506585979996,0.2973504426649171,0.6492506585979996,0.2964535331804458,0.9475,0.29799084488314165,1.0,0.2962234431598186,0.6492506585979996,0.29736672535487885,0.9475,0.29730533100090756,0.9475,0.29780247054974973,0.9475,0.29662829192793627,0.42412409263268136,0.2956844909927782,0.42412409263268136,0.2982053808062825,0.38205244979015296,0.3022666760703895,0.42412409263268136,0.2950447769707339,0.38205244979015296
energy_index,0.2808809605021688,0.2755914827019903,0.28178164390916827,0.2837229492559521,0.2837229492559521,0.29430382822568574,0.28372294925595215,0.4254684695592668,0.30875312677101446,0.1705918860450583,0.30875312677101446,0.6253115280048421,0.2962234431598186,0.3718684039218648,0.2962234431598186,1.0,0.30875312677101446,0.21546520565685828,0.2962234431598186,0.5123064872615777,0.2962234431598186,0.3977618131022431,0.2962234431598186,0.4366114725020497,0.3050343938321783,0.47032063259210855,0.3050343938321783,0.36866014383193024,0.27879611414538363,0.2254749822295679,0.3050343938321783,0.43972846266734095,0.27879611414538363
__age_days_energy_index,0.31029650395548924,0.2995908802572431,0.3144752387689433,0.29932288375209526,0.29932288375209526,0.30870697700417576,0.2993228837520953,0.28863840914750016,0.9475,0.2933769327202593,0.9475,0.3032452705063212,0.6492506585979996,0.300722016405039,0.6492506585979996,0.30875312677101446,1.0,0.30453663278379256,0.6492506585979996,0.3011936382639635,0.6492506585979996,0.295890219567025,0.6492506585979996,0.3063570422053376,0.3649494963115588,0.30286123422675315,0.3649494963115588,0.2976317235296508,0.42344084402116927,0.2879696007663147,0.3649494963115588,0.30264738127167246,0.42344084402116927
unemployment_rate,0.332780346504575,0.34146044092487493,0.33547441936265404,0.33579717551746396,0.33579717551746396,0.29969772281778284,0.33579717551746385,-0.24565344809075584,0.30453663278379256,0.21227659653792907,0.30453663278379256,0.09066217628808759,0.29736672535487885,0.04546122386646756,0.29736672535487885,0.21546520565685828,0.30453663278379256,1.0,0.29736672535487885,0.24645493134067042,0.29736672535487885,0.117696213572835,0.29736672535487885,0.16933643304965526,0.29991176016749893,0.23130071109768804,0.29991176016749893,0.22902918563710506,0.29671161774095844,0.45591226606934776,0.29991176016749893,0.15382857762883068,0.29671161774095844
__age_days_unemployment_rate,0.30094776631354914,0.2996708556286385,0.3066245912459651,0.29995736212467944,0.29995736212467944,0.31071312117361183,0.2999573621246794,0.2971475338153773,0.6492506585979996,0.2973504426649171,0.6492506585979996,0.2964535331804458,0.9475,0.29799084488314165,0.9475,0.2962234431598186,0.6492506585979996,0.29736672535487885,1.0,0.29730533100090756,0.9475,0.29780247054974973,0.9475,0.29662829192793627,0.42412409263268136,0.2956844909927782,0.42412409263268136,0.2982053808062825,0.38205244979015296,0.3022666760703895,0.42412409263268136,0.2950447769707339,0.38205244979015296
us10y_treasury_yield,0.28044055244911625,0.28065589327408863,0.27835665724260433,0.28340744340341284,0.28340744340341284,0.3040810674142647,0.2834074434034128,0.3259095992011358,0.3011936382639635,0.2683664070125898,0.3011936382639635,0.5217700300379414,0.29730533100090756,0.3856786674729651,0.29730533100090756,0.5123064872615777,0.3011936382639635,0.24645493134067042,0.29730533100090756,1.0,0.29730533100090756,0.37764228213524237,0.29730533100090756,0.35524498703366425,0.3019323922446161,0.3527835063538857,0.3019323922446161,0.36070423643433863,0.2883350460049071,0.194688479508614,0.3019323922446161,0.37738877899382284,0.2883350460049071
__age_days_us10y_treasury_yield,0.30094776631354914,0.2996708556286385,0.3066245912459651,0.29995736212467944,0.29995736212467944,0.31071312117361183,0.2999573621246794,0.2971475338153773,0.6492506585979996,0.2973504426649171,0.6492506585979996,0.2964535331804458,0.9475,0.29799084488314165,0.9475,0.2962234431598186,0.6492506585979996,0.29736672535487885,0.9475,0.29730533100090756,1.0,0.29780247054974973,0.9475,0.29662829192793627,0.42412409263268136,0.2956844909927782,0.42412409263268136,0.2982053808062825,0.38205244979015296,0.3022666760703895,0.42412409263268136,0.2950447769707339,0.38205244979015296
consumer_sentiment,0.2958112013410121,0.29708044659893784,0.2974587783617656,0.2988902432349,0.2988902432349,0.2955212173150203,0.29889024323490004,0.45580659987044403,0.295890219567025,0.2378938952172872,0.295890219567025,0.31935777649866326,0.29780247054974973,0.4211858836498361,0.29780247054974973,0.3977618131022431,0.295890219567025,0.117696213572835,0.29780247054974973,0.37764228213524237,0.29780247054974973,1.0,0.29780247054974973,0.3024664898737248,0.2826200974160965,0.2835117540837645,0.2826200974160965,0.248629345283853,0.30671804309322426,0.24077245754315704,0.2826200974160965,0.3193546778074734,0.30671804309322426
__age_days_consumer_sentiment,0.30094776631354914,0.2996708556286385,0.3066245912459651,0.29995736212467944,0.29995736212467944,0.31071312117361183,0.2999573621246794,0.2971475338153773,0.6492506585979996,0.2973504426649171,0.6492506585979996,0.2964535331804458,0.9475,0.29799084488314165,0.9475,0.2962234431598186,0.6492506585979996,0.29736672535487885,0.9475,0.29730533100090756,0.9475,0.29780247054974973,1.0,0.29662829192793627,0.42412409263268136,0.2956844909927782,0.42412409263268136,0.2982053808062825,0.38205244979015296,0.3022666760703895,0.42412409263268136,0.2950447769707339,0.38205244979015296
gdp_growth,0.2971859450167973,0.29507308485921396,0.2942088474717825,0.2953779238613846,0.2953779238613846,0.2961394697879492,0.29537792386138456,0.41436236423064204,0.3063570422053376,0.25807236323896865,0.3063570422053376,0.49247775136284544,0.29662829192793627,0.34026588496826843,0.29662829192793627,0.4366114725020497,0.3063570422053376,0.16933643304965526,0.29662829192793627,0.35524498703366425,0.29662829192793627,0.3024664898737248,0.29662829192793627,1.0,0.29753215587588766,0.8050965219824382,0.29753215587588766,0.5598500193957877,0.294783001474312,-0.10486255250344101,0.29753215587588766,0.8840627182352336,0.294783001474312
__age_days_gdp_growth,0.3166989463593506,0.3188693827960122,0.3313550799642982,0.32231168009957945,0.32231168009957945,0.28146881461934015,0.3223116800995796,0.28898211241253646,0.3649494963115588,0.29914253939237967,0.3649494963115588,0.29560052950441607,0.42412409263268136,0.3090806598455159,0.42412409263268136,0.3050343938321783,0.3649494963115588,0.29991176016749893,0.42412409263268136,0.3019323922446161,0.42412409263268136,0.2826200974160965,0.42412409263268136,0.29753215587588766,1.0,0.2977434705391201,0.9475,0.3029700262580931,0.6005854805452214,0.2971401420593101,0.9475,0.2985982414409551,0.6005854805452214
inflation_wb,0.30790388039433897,0.30806745624812265,0.30800475732234806,0.3057384950784266,0.3057384950784266,0.29427091435050473,0.3057384950784266,0.39383653738591173,0.30286123422675315,0.2702720359102736,0.30286123422675315,0.48813964564417534,0.2956844909927782,0.30422698973211637,0.2956844909927782,0.47032063259210855,0.30286123422675315,0.23130071109768804,0.2956844909927782,0.3527835063538857,0.2956844909927782,0.2835117540837645,0.2956844909927782,0.8050965219824382,0.2977434705391201,1.0,0.2977434705391201,0.5368497344135046,0.2788527743741419,0.05507597355637428,0.2977434705391201,0.8051224740302793,0.2788527743741419
__age_days_inflation_wb,0.3166989463593506,0.3188693827960122,0.3313550799642982,0.32231168009957945,0.32231168009957945,0.28146881461934015,0.3223116800995796,0.28898211241253646,0.3649494963115588,0.29914253939237967,0.3649494963115588,0.29560052950441607,0.42412409263268136,0.3090806598455159,0.42412409263268136,0.3050343938321783,0.3649494963115588,0.29991176016749893,0.42412409263268136,0.3019323922446161,0.42412409263268136,0.2826200974160965,0.42412409263268136,0.29753215587588766,0.9475,0.2977434705391201,1.0,0.3029700262580931,0.6005854805452214,0.2971401420593101,0.9475,0.2985982414409551,0.6005854805452214
trade_openness,0.2974290770812547,0.2969376198636454,0.2984563871809702,0.2974488927561218,0.2974488927561218,0.29640428681010744,0.2974488927561219,0.41538279844870973,0.2976317235296508,0.2747023063788563,0.2976317235296508,0.5048752954666841,0.2982053808062825,0.27388350245703225,0.2982053808062825,0.36866014383193024,0.2976317235296508,0.22902918563710506,0.2982053808062825,0.36070423643433863,0.2982053808062825,0.248629345283853,0.2982053808062825,0.5598500193957877,0.3029700262580931,0.5368497344135046,0.3029700262580931,1.0,0.30727919333823694,0.033469722281642245,0.3029700262580931,0.6307078395503426,0.30727919333823694
__age_days_trade_openness,0.3326721511604486,0.3192153571772342,0.32748418349221803,0.30854693218533136,0.30854693218533136,0.2954815430522937,0.3085469321853315,0.29520307276986646,0.42344084402116927,0.30010380124913716,0.42344084402116927,0.28413496831648116,0.38205244979015296,0.2761753298154582,0.38205244979015296,0.27879611414538363,0.42344084402116927,0.29671161774095844,0.38205244979015296,0.2883350460049071,0.38205244979015296,0.30671804309322426,0.38205244979015296,0.294783001474312,0.6005854805452214,0.2788527743741419,0.6005854805452214,0.30727919333823694,1.0,0.31290604693622137,0.6005854805452215,0.26303586192699363,0.9475
unemployment_wb,0.30264938295621086,0.30512884477417157,0.30724793987564525,0.30333151287732485,0.30333151287732485,0.29728674249058584,0.30333151287732485,0.157119566215705,0.2879696007663147,0.3447516258036724,0.2879696007663147,0.07316519192478343,0.3022666760703895,-0.014858915112630267,0.3022666760703895,0.2254749822295679,0.2879696007663147,0.45591226606934776,0.3022666760703895,0.194688479508614,0.3022666760703895,0.24077245754315704,0.3022666760703895,-0.10486255250344101,0.2971401420593101,0.05507597355637428,0.2971401420593101,0.033469722281642245,0.31290604693622137,1.0,0.2971401420593101,-0.2291246198242478,0.31290604693622137
__age_days_unemployment_wb,0.3166989463593506,0.3188693827960122,0.3313550799642982,0.32231168009957945,0.32231168009957945,0.28146881461934015,0.3223116800995796,0.28898211241253646,0.3649494963115588,0.29914253939237967,0.3649494963115588,0.29560052950441607,0.42412409263268136,0.3090806598455159,0.42412409263268136,0.3050343938321783,0.3649494963115588,0.29991176016749893,0.42412409263268136,0.3019323922446161,0.42412409263268136,0.2826200974160965,0.42412409263268136,0.29753215587588766,0.9475,0.2977434705391201,0.9475,0.3029700262580931,0.6005854805452215,0.2971401420593101,1.0,0.2985982414409551,0.6005854805452214
energy_usage,0.29180432574282456,0.29175437442973906,0.2881117084845009,0.28825126586631894,0.28825126586631894,0.2976820021200344,0.2882512658663189,0.44085690929547405,0.30264738127167246,0.25007021987662337,0.30264738127167246,0.5421650792372966,0.2950447769707339,0.44066430070608986,0.2950447769707339,0.43972846266734095,0.30264738127167246,0.15382857762883068,0.2950447769707339,0.37738877899382284,0.2950447769707339,0.3193546778074734,0.2950447769707339,0.8840627182352336,0.2985982414409551,0.8051224740302793,0.2985982414409551,0.6307078395503426,0.26303586192699363,-0.2291246198242478,0.2985982414409551,1.0,0.2630358619269937
__age_days_energy_usage,0.3326721511604486,0.3192153571772342,0.32748418349221803,0.30854693218533136,0.30854693218533136,0.2954815430522937,0.3085469321853315,0.29520307276986646,0.42344084402116927,0.30010380124913716,0.42344084402116927,0.28413496831648116,0.38205244979015296,0.2761753298154582,0.38205244979015296,0.27879611414538363,0.42344084402116927,0.29671161774095844,0.38205244979015296,0.2883350460049071,0.38205244979015296,0.30671804309322426,0.38205244979015296,0.294783001474312,0.6005854805452214,0.2788527743741419,0.6005854805452214,0.30727919333823694,0.9475,0.31290604693622137,0.6005854805452214,0.2630358619269937,1.0
